Number 5769, Gentle,038002070000000050005903002800010030503000906060070008900106800040000000080200360
Number 5768, Diabolical,901008206040000000700901005009080000000309000000060700600803009003000010208100604
Number 5767, Moderate,080200600000000304309060028000002030207000501050600000630090107905000000001003050
Number 5766, Diabolical,900004001007200000400050306000000030603400907050000000006020103000005200700800009
Number 5765, Tough,000780060000040380008009540500090000000401000000060002035600400084070000090034020
Number 5764, Moderate,426000500300000004000903000200090008000102000900005003000408000600700000001000842
Number 5763, Moderate,010050089000206700700000006080002090009107500020500070900000004001305000350090060
Number 5762, Gentle,420501008300080050070400020040000200100000007007000090030009070010040009800702014
Number 5761, Diabolical,008040100000290000020000050500700008049000630200005000030000010000053090006020400
Number 5760, Moderate,006000700701000849000010000090500600400603002005001030020060000149000306003000200
Number 5759, Diabolical,000825400000000080800600905000080100070000050006530000104006002050000000207941000
Number 5758, Tough,040000850070005020000040700002059600000801000006720400009010000410200060058000090
Number 5757, Moderate,000426000000070004041000807000300100002085900007009000608000740900030000000058000
Number 5756, Moderate,004600000000000023620800000740200006000080000900001048800007519310000000000009300
Number 5755, Gentle,502090106000500000003800905000900020201000304090005000709001400000003000406080703
Number 5754, Diabolical,095307000006080005800600009068000000100030006000000980400001003000040100000805260
Number 5753, Moderate,002740000010500400000000200703200004050437060800009705007000000009002080000076300
Number 5752, Diabolical,200960001000001000070320000020040310010000040035080029000017090000600000800094002
Number 5751, Tough,300906004006000700090040030200090007040000080900780003010070060003000400800502009
Number 5750, Moderate,000050043000200508400000029006000300030047090000000700540000007907000000260030000
Number 5749, Moderate,000000700900052064050081000800104007007000200600000009000840090410030000005000000
Number 5748, Gentle,500002010400000600003070900000810050870506030060023000009050200006000009040900001
Number 5747, Diabolical,400601070710000039000009000000020048000807000350040000000900000870000062040500001
Number 5746, Moderate,900004600060900020070060000008001900040000080001800300080010067030000040009700002
Number 5745, Diabolical,100007060000010000080000590006000400050269070000000900074000010000420000010608004
Number 5744, Tough,008050000000096000400000072850060010000208000010040083340000021000900000000030640
Number 5743, Moderate,003000005000300080085000240007200000000107090000005700014000930020801000500009400
Number 5742, Moderate,605000413400070008080000090940002000000000000000360087050000030200050001317000609
Number 5741, Gentle,803000105000040000090300028008000300109502407005000200750004030000070000304000809
Number 5740, Diabolical,400003000590820360020000000007030950000209000080060700000000010040007028000500003
Number 5739, Moderate,900005010000020630062100000106500002090000040300009100000004580054030000080000001
Number 5738, Diabolical,000600000700900104004507200802000007000000000130000409008304600506002701000006000
Number 5787, Diabolical,000000000000048002090273005026704010003000200070302850800495030400620000000000000
Number 5786, Tough,400200005007000200050800070080000354100030002273000090020004030001000800300001007
Number 5785, Moderate,009080006000002000060001307000000094000070600400003000201500080800400000700000100
Number 5784, Moderate,000020000150800060006009000035000170009000640047000850000100400080002017020070000
Number 5783, Gentle,060009430509000007004002900000094000020010050000370000001400700900000506086900040
Number 5782, Diabolical,900300040020000005070200010080705000500030001000902050040007000200000070650004008
Number 5781, Moderate,807200900050090200600000000030809000009000400000602070000050008003010050000004301
Number 5780, Diabolical,860000000003004002000002073020030060900107005010000080790200000000705400000000057
Number 5779, Tough,000408620003000080060020000004205003000070000100906200000080070019000800050107000
Number 5778, Moderate,170500083060010070004800500000300002002000900800009000005008100080020050420005097
Number 5777, Moderate,050080000000000900840002100006100090020908030090053700103700064004000000000010070
Number 5776, Gentle,009305000071000560000000000450007009000000000600100037000000000042960370000803400
Number 5775, Diabolical,075002000010307080900000000609010002050000090700040503000000005060805010000100920
Number 5774, Moderate,710040009050006300008000000000075020001802400020490000000000800000500640900060000
Number 5773, Diabolical,740005090000080302031900400078000000000000000000000160004001850000030000090800043
Number 5772, Tough,007094000405008200002060070800007005050000030900500007060030700008700602000810300
Number 5771, Moderate,002000307000052004780000205000001009003080500500900000806000032100420000209000700
Number 5770, Moderate,100670009040300005006090000008040567000000000027010900000050100300002090400007000
Number 1, Extreme,048000300060000050100203004500607002000040000600305001300406005090000040006000710
Number 2, Extreme,003408900500903081000000000910000007005000400200000096000000000630809002002506300
Number 3, Extreme,040000080005000701086301950000904070000030000020805000074108360601000400030000010
Number 4, Extreme,005300600020070040000010008300400001060251080200008004400020000070040090001003400
Number 5, Extreme,000280000600007008009300700010000030060501040080090050008002100700400002000003000
Number 6, Extreme,003020500000503080200000004020050010601802907080090020700000003010307000009040100
Number 7, Extreme,007300800400000005050008060000702030043000790010903000090800040800000003005009200
Number 8, Extreme,100000000000806000096000540900080012000000000230070009054000260000207000800000001
Number 9, Extreme,080000030006108500570000021002803000000010000000902400260000058007209300010000070
Number 10, Extreme,006000800000801000004593200230000065400000001970000082009345600000709000007000500
Number 11, Extreme,004000500000694000690020007800900003005000100300002004500060018000183000007000600
Number 12, Extreme,000000000007402900509300401004060300700000008001080700402007003006905100000000000
Number 13, Extreme,200000005060000080040306070500607021000000000420905003030102090080000030600000007
Number 14, Extreme,000137005000000000730040021090001080507000302020300050150090063000000000900583000
Number 15, Extreme,200480005000000700007209400030090060400805003020030050005903100004000000300078009
Number 16, Extreme,207030508040809010000000000903000601010000080608000402000000000060708030102040805
Number 17, Extreme,290000003007000500000816000080607030000923000030104090000492000003000100800000057
Number 18, Extreme,301906800007000050060000000000098000500070002000640000000000000040000910006204308
Number 19, Extreme,060895040000002000500030008470060030100000006030040051700080003000600000080359020
Number 20, Extreme,064000720200000003905070400003907100000050000006408300007090501100000002092000870
Number 21, Extreme,300010009000309000080005060820504070000000000050608032030200040000907000400080005
Number 22, Extreme,009000200080070050240908006500000063000602000460000002900501074030090020004000100
Number 23, Extreme,000008000500090008408352600009000200680000035005000700007439502900070004000100000
Number 24, Extreme,000000008600041000083000010002104800900000001004007300075000940000960003200000000
Number 25, Extreme,002305700050608000000070020500000906000702000301000004040030000000806040005907300
Number 26, Extreme,400010008003702900020000010050008007000000002700600040000000060004506300900080005
Number 27, Extreme,000605000001400600080000070700000409090000050304080002040000060002004900000162000
Number 28, Extreme,001000500005020300060000410500286000020703050000954007056000090009040800002000100
Number 29, Extreme,003709200001000800070000030097100380010020090052003160020000010006000500009305600
Number 30, Extreme,000000000708050104300109006000000067001503400930000000100708005005040702000000000
Number 31, Extreme,007208300400507108000060000620000094000000000980000051000080000809102006005406800
Number 32, Extreme,000000000010050890900102000050309017009060500860705030000506008034010060000000000
Number 33, Extreme,004000600020008050710000002009305000000904000000802100300000017060400030005000840
Number 34, Extreme,001000600080203050020050007038000040000806000090000200000030070050701080003000400
Number 35, Extreme,060080030007306500000000006140900703000000000805004020700000000006805200090040080
Number 36, Extreme,560000034001000500000568000700902008004000200100804005000237000007000900340000072
Number 37, Extreme,503000108020901060000080000400703001002000600100604009000030000040506030305000206
Number 38, Extreme,008060100006002740000000000100005002800401095700200001000000000047500300003080200
Number 39, Extreme,006402100040000090700000000860504020900070003030201078000000002070000050008603700
Number 40, Extreme,004000700370000064008004300090602000030090020000307050009100500540000036003000400
Number 41, Extreme,608007905029000640000000000040806020000000000050201060000000000087000150105900204
Number 42, Extreme,620000034000070000005100000008200605000000000103504900000603700000020000390000086
Number 43, Extreme,002050100700302006009000400907200005400000001300006208004000700800409002003060800
Number 44, Extreme,200100608080305000000080000309000200050000030008000107000050000000002090001006850
Number 45, Extreme,810006200000010060700030009000000000072000910000402000000020004090050000005008036
Number 46, Extreme,000021400080403070600000009060000300000504000003000010200005007090208000001000600
Number 47, Extreme,000000000740030000000907045050704080000000200070206030200401000000090060001000900
Number 48, Extreme,600405000003000600200030509090040078001000000300080000806050007000000300000709000
Number 49, Extreme,070500000200000000001608300700000005009007010500090002403706900000000004020000060
Number 50, Extreme,000050000009000300700281000080007050001000400020006030900410007003000600000020000
Number 51, Extreme,000800500002700300070000040200060000700508002000040018060000000008009200004001060
Number 52, Extreme,060078009004501000000000700090605030000000000030200080005000000000704100840900060
Number 53, Extreme,800301009009070040000000000051000460000090007060000200000000000034080900106007008
Number 54, Extreme,000702000000000003541000000070050028003100900050090070000020091800000007000305000
Number 55, Extreme,050300940004010200000002000001000009800540003702000000000800000007090500003006080
Number 56, Extreme,800001200400768000010000000020500030006020000000007040000000050600954007008000001
Number 57, Extreme,000000201090000000700050008000804030010500006050309000600070000070000090508000300
Number 58, Extreme,000040080001000706000008200500620000040000060000007003004250000802000900050090010
Number 59, Extreme,900001002005000300300800006040050090100000007060080040500306000002000600000009008
Number 60, Extreme,009000100060070040103000092900007005000000000400902003210000009000060050008000700
Number 61, Extreme,405000008000000000060319040600500800040020010000003000030175090000000000700000503
Number 62, Extreme,790000003000703000080050000100300008050060400900002006000074020000800000300000061
Number 63, Extreme,000004000730000056040300090000090300200000007005060100090047030600000082000600000
Number 64, Extreme,080000000620000045000360007000200900060030000001007000409050200170000069000000070
Number 65, Extreme,000200060007000502900003004000800050600000007740001000500900008002000405080007000
Number 66, Extreme,002005000000000007000187900097030018400000006020050040006001000500000009000600300
Number 67, Extreme,000504009607000300000200001260000003005070900000000082300708000009000600400100000
Number 68, Extreme,005000000030002000010908730400100007000070000600009025068005090000800040000000600
Number 69, Extreme,003005060090000007000703100030060200200040008001000090009100000800000040070300500
Number 70, Extreme,890010037700802000000600000009000065050000010180000700000005000000403009940070058
Number 71, Extreme,200109400080003000007080000920500000600000001000004025000020800000900070008401003
Number 72, Extreme,021000800040206050003000010005060000080704090000080400090000200010903080008000970
Number 73, Extreme,500040000003000620000009004006007200810000043009100000700500000092000800000030006
Number 74, Extreme,000009040100040006700005000020406000006050900010902080000200005900030007080700000
Number 75, Extreme,000068000020709010001000004057600090200080001010007540500000400090506030000470000
Number 76, Extreme,000090005040008070302000600008001000650000037000400200005000701030800060900060000
Number 77, Extreme,060300000301080090800670001030000100750000082006000040600098004040030809000005060
Number 78, Extreme,001030000900600000400192003370000590009000400045000087500319006000006004000070200
Number 79, Extreme,700000005006080140000006000090010070000298000820000030000600000068050400400000002
Number 80, Extreme,400001500037090802080000000000830020008000700010069000000000060203010470006900005
Number 81, Extreme,007000500000730000190208000003000407080000060602000800000607053000051000004000700
Number 82, Extreme,000807000601020700070000600090501020000080000050609030004000060007050901000902000
Number 83, Extreme,150800060007000504000700080009020000700308006000040100070003000304000200020001093
Number 84, Extreme,629000010300000896000700000005039070000000000070450300000001000493000001010000548
Number 85, Extreme,010050030300000000004306900005000380000947000062000000006109200000000004030020070
Number 86, Extreme,060400000008302900200070008301009400000000000009500701800020009002105300000004070
Number 87, Extreme,000103270300400009002000080005009800010000060007500900050000300900005002024307000
Number 88, Extreme,302004000040029070000800000000000009007165200500000000000003000090450010000700645
Number 89, Extreme,900003008000700500000600049090001080250000034080300020710009000009006000600400007
Number 90, Extreme,001020090000009200040600080002040030300708002070090500010004020004200000020050600
Number 91, Extreme,800000004005000001007800300090000005000236000400000020003705400900060200500000008
Number 92, Extreme,700009000000080200510200030100690002090000050300018009050006047008070000000900001
Number 93, Extreme,000604090000800005000050060305000209240000018901000607050010000400009000070302000
Number 94, Extreme,000302070700900005006000400094800000201000507000001980008000700400005003060209000
Number 95, Extreme,400100003080007010000040702001000200050823070008000500602050000010900060800001007
Number 96, Extreme,003007500000000001006230000090000607004000800608000040000081400500060000002400300
Number 97, Extreme,020090060600100005004000200000006803060908070208400000007000100500001009080040030
Number 98, Extreme,200004600000000800090200010700026008003040900600790001030001090007000000008500002
Number 99, Extreme,008003700030706090400010002029304000000000000000107420200070008080209060004600200
Number 100, Extreme,100009000000405020906200705000050809000000000703080000508002104090501000000800003
Number 101, Extreme,030000900901005004080010060009800700000973000003001600040020080200100507007000020
Number 102, Extreme,000203010007400000902000500200000830500102007046000005005000302000004900020806000
Number 103, Extreme,900000007000082400030100020000050090200608001010070000080006010004530000700000006
Number 104, Extreme,061900000900000004000030070030607590000040000072503080080060000400000008000009760
Number 105, Extreme,608000002000000003001040080700480500000902000006035004030060900800000000900000705
Number 106, Extreme,803000600100900005050406080009003000500000008000500700090201060600004003001000502
Number 107, Extreme,090007360000000900002403050901006005000040000800200601060304800004000000039800010
Number 108, Extreme,000920100000006007020003080054000200030000050002000930010300060800100000003048000
Number 109, Extreme,031006900804000560060000000000204080200030001040705000000000070023000106009400830
Number 110, Extreme,200501007080000060009000002806903000000104000000602705300000600010000020500208009
Number 111, Extreme,000096000008050003501000906003205008000000000100309700206000109800060300000120000
Number 112, Extreme,030109060001000920600000041000730000700020008000096000850000004062000500040207080
Number 113, Extreme,000009230000015406000030009043000790000000000081000520200080000308640000017500000
Number 114, Extreme,000000600009040070300020500060700300100000008003005260008090003090060700005000000
Number 115, Extreme,016500000800004000070080090900800003030050040500002001060020050000400007000001830
Number 116, Extreme,000080000160007003705102000000200007090050030200009000000301504800000071000060000
Number 117, Extreme,068030070000000000200615000520000407830000026709000035000194008000000000080050240
Number 118, Extreme,090201060003006900000800700014000030700000005080000420008004000009100300060308090
Number 119, Extreme,002008700700000004401003500000080005030702010200060000005800902900000001007500400
Number 120, Extreme,980002075400000002007901000000023000200509008000800000000605800700000003590300047
Number 121, Extreme,047060000006100705003500040000012090008000300090070000030000400709008100000020670
Number 122, Extreme,002000006030970020900061000706300004000040000400007608000530000050090010200000700
Number 123, Extreme,004020706080007002000090000018030050000000000090040120000060000860300001902010300
Number 124, Extreme,020607009005000380040900700080109000010000070000708060004001090050000400900502010
Number 125, Extreme,025000600100080000900205040402050000050001000000060902090003006000040001003000780
Number 126, Extreme,901300004005070060000200030500040023000000000360010008080007000090020070600009100
Number 127, Extreme,006400708004500000000087360000000580700000003069000000032690000000001900007003200
Number 128, Extreme,504700000720609040010000200090060000200000007000050090005000030030900064400008002
Number 129, Extreme,200000001360200075000358000000000020100000006024007000000931000970006053600000009
Number 130, Extreme,080401096000000805000000004002070500090000080001060200100007000007000600360009010
Number 131, Extreme,000209100100053600300000020000040080006502700010000000060000004009420008001800500
Number 132, Extreme,000000000007650400053204070030009010804000603070000020040708350000012800000000000
Number 133, Extreme,002300590006040007700500000020004010003000400050800070000001005200080300004600900
Number 134, Extreme,004000050600008009000001700050030020009020000020070068001600030900500007060000100
Number 135, Extreme,070300000080600001000908005800000650200000008091000002930807000700004020000103080
Number 136, Extreme,006004003140060008080100040702000800000050000004000702070006080200040015600500400
Number 137, Extreme,060900050090031020007600000015000800080000060004000510000005200000310070030806090
Number 138, Extreme,000007000469000080000906501230000000074050860000000043802509000090000658000800000
Number 139, Extreme,060800090002005700840070000000050070308000509010090000000080036004560900080009010
Number 140, Extreme,200090008000000900000300714100006000008000600400508009351007000006000000900080405
Number 141, Extreme,800000003090000504004103000002709050005000700070805430000906100208000060400000005
Number 142, Extreme,084900610000600900060000087090700500000040000003008070740000030005001000019006720
Number 143, Extreme,060294007000000009002300500300000802000050000907000003004005100600040000800631090
Number 144, Extreme,080407030900050000006200801800700000000000000001006002602004708000000000070802010
Number 145, Extreme,005009006000030200028001040500000014001000600480000005090300170002010000100602500
Number 146, Extreme,090050000600034002004000030040800900706000801008007060030000200100420006000000079
Number 147, Extreme,500002030030060000102000007070006300005000900004300020200070405000090060050408009
Number 148, Extreme,200000004040865000050300000003500800600090007000000100000002080000651040000000603
Number 149, Extreme,040009010000400080193080600000590006010000030200071000000020403060005000080900050
Number 150, Extreme,030060080000300007000804020001023600400000001008900700012605000600007000040090060
Number 151, Extreme,005108700400000008086000130000809200000030000001405000027000300500000002003702400
Number 152, Extreme,900051000700000009006000040530080900000204000602500034080000300000000007000340002
Number 153, Extreme,400000060000008030001004902040030007500000008200090040102307600070620000060000003
Number 154, Extreme,150000002060800050000052090000005006080706010700300000010590020090008060500000071
Number 155, Extreme,001000900080900020400010005900408001000765000500001006700030009020006030003000500
Number 156, Extreme,000902000003000000020080460016009500000407000000500870067050090005000700001206000
Number 157, Extreme,000018000000500700402000300001900520090105000027004000006000001005003000300860000
Number 158, Extreme,009004006005080100800000007000400010400701002000005900500000009007060200906300800
Number 159, Extreme,070208500305000900008400003006007000400080005000300100900006400001000309004103050
Number 160, Extreme,000600053004010700030000900015090680200000001063020070002000040000080100470001000
Number 161, Extreme,020000164400001000000050000009000006210604053500000800060020080000300000174000030
Number 162, Extreme,050100000100004005003750000006000004041503920500000800200081300300000000000006090
Number 163, Extreme,709060003030000400500307000070008064002000100610700080000804009008000020300070801
Number 164, Extreme,005060038000000000200840010007003500800020009002690100040030006000000000670050900
Number 165, Extreme,000000800000159070900000001000003190400010007068700000870000003010936000006000050
Number 166, Extreme,070060090005040000010302500703000000000806000600000302004003010007000900020090080
Number 167, Extreme,005208700780000020000000900073800100100000005000002470004000000050000069000016500
Number 168, Extreme,000152000000700302000090070009065080870000045040380100010030000902004000000519000
Number 169, Extreme,309000007000004000005637200000000001107306902600000000006845100000700008200000506
Number 170, Extreme,020000080080071005900380002000560030500000004060030000700012008400850090090000000
Number 171, Extreme,600800003008093100401000000000710200700000008002085000000000601006350400900006007
Number 172, Extreme,002000700610000050090100000900400000030580060000603009080002070070000034001000200
Number 173, Extreme,001070300005086070000500000190000007020000060400000021000005000050240086009010200
Number 174, Extreme,000000005007400306080000170008602007000591000500704600056000090301006700200000000
Number 175, Extreme,000000020900060000800701304090000200027000450006008070005406007000010000073000000
Number 176, Extreme,008300500030010000904000701007206490000000000095401800809000104000070020001009300
Number 177, Extreme,050078020607900014800000005000007000900010007000800000300000009160009208080230060
Number 178, Extreme,000700090100003004800906000029004006080000040300100500000609008900300025050008000
Number 179, Extreme,002143800007600040001000000600920005000508000400016009000000000080009700003485600
Number 180, Extreme,080050940400000000095600100000091200030000070001820000000005080000000006068000007
Number 181, Extreme,090006000008010400100000052000700040200000008060403020840000003007040900900300080
Number 182, Extreme,600090000908400000020700010003500400000000000405008207059003070000000509000010004
Number 183, Extreme,000020400008000009060400018600208003300000005800001004510004090400070800009000000
Number 184, Extreme,200007000070020040306000800013040000900800006000069500004000900060090050000700008
Number 185, Extreme,608000105000300600050009000280070004009000700400030016000200050001005000507000401
Number 186, Extreme,000300000000075010015000900400000060300000709080250000004000570020690004000008000
Number 187, Extreme,040309200000200050709080300580000000003000700200000081004050602010004000008002090
Number 188, Extreme,502300008000000600060704000003005000050609020000400900000102060005000700600070109
Number 189, Extreme,290004000570000020060050000007030000030205017000090500000010080010000064000306052
Number 190, Extreme,600400020700021003000000100002910700000000800007068900003000007800050006090007001
Number 191, Extreme,010078430200100007009000800300540020000000000050092004005000000400003001093060070
Number 192, Extreme,200000300000004260010020000000870001036040090800006000000050040029300100008000006
Number 193, Extreme,030900000005000600700200098090070040040800320010060000080004005002000400000003060
Number 194, Extreme,056000940003040800000016000500300000068000350000007009000600000004070200080200670
Number 195, Extreme,000204000030000090500103408200060800960000047007040009304000002070000030000801000
Number 196, Extreme,060105240029000080000000900000009003094000510000700000007000000050040620046302050
Number 197, Extreme,080000007090308010700020800308600000029000630000002501004090003060201040800000060
Number 198, Extreme,060300000050064010900002006006200900100090003007006800600100008030840090000003040
Number 199, Extreme,005100720000000000800002305000070609007050200308060400409700002000000000061009500
Number 200, Extreme,060700009209000700007000040006030800300802005000090200050000900008000102902004080
Number 201, Extreme,800000005700045000000210080030650010400000006010032070040020000000190003500007002
Number 202, Extreme,000000000004501300280000065700005008000918000800300002410000089009007500000090000
Number 203, Extreme,040020000000005030800000902030060470600012000095080060403000008080200000000030010
Number 204, Extreme,900067000070482906000000000107000004060000090400000803000090000803250060000610008
Number 205, Extreme,062000000490705000007008006070000900800000003001000080703800601000106034000000850
Number 206, Extreme,040039000007000000600700405150000000200600009000000061905004007000005300020100080
Number 207, Extreme,000000200043006800010007060006070003000912000700000100060508020002100450005000000
Number 208, Extreme,095000300000020008800090607000600080901000700070004000203040001500070000009200030
Number 209, Extreme,100039000075604010000200700010006089000000000240100000006008000050001840000900006
Number 210, Extreme,700502000009700000308000005030600100800040006004009080207000904000004300000901007
Number 211, Extreme,003700500004800000500000009600010080300205000070040000800000002050004600000006350
Number 212, Extreme,160840005000007000000050008001030500009786300008020700300060000000900000900074026
Number 213, Extreme,089000000050906010002070000000210006000307500200065000000090720010003080000000460
Number 214, Extreme,470020050023000040900000000005900700000030000007005600100000006040700980080050030
Number 215, Extreme,001506007008000000009040320000307000040020090000900000092000500000000700300451200
Number 216, Extreme,906000002000500040510820000000006070400010003060302000000047059090008000200000607
Number 217, Extreme,009000500400000003600507049000400000041908730000006000900805004300000005008600100
Number 218, Extreme,060000270001290400200008009070000041000406000540000020600900007003067900097000010
Number 219, Extreme,000030050009080007600409008010000300000621000006000040100308009500060403060070000
Number 220, Extreme,000003007000107500000080620008900050205000106097005800059020000006309000800000000
Number 221, Extreme,000006009000500040007000800809070600000090000002040503008703400010002000500800006
Number 222, Extreme,080600730600070000020040000108005003002000500700200108000060080000089007093004050
Number 223, Extreme,004090000590000000000006300080607034006805900350109080009200000070000018000060400
Number 224, Extreme,240806059000000000000400380700002001030000020800900006016008000000050000980203015
Number 225, Extreme,002000000400500108007391000060005340000000000024800090000703000108400007000000200
Number 226, Extreme,010050300000304009500008006061000040000080000050000690102800004800703000009000020
Number 227, Extreme,070000008030602050500040002008570000300804009000009800900020003050903040100000090
Number 228, Extreme,000091070000640000000802016506007300400000002009200105060409000000068000040730000
Number 229, Extreme,030040090004000760700006008000032000040501030000860000600200009085000200070010005
Number 230, Extreme,400003702002000000050070090730008600000000050506900070060040010000000400908300006
Number 231, Extreme,200700004009010020040005600090500010710000045080001090007400030050070400100008007
Number 232, Extreme,500000083040506000001030500900000060000324000080000002006090400009100020820000001
Number 233, Extreme,005002100000940000900008046030000890408000207070000060560300001000025000001000000
Number 234, Extreme,040000030650000009000325000000030900001487300005010000000002000800060051070000040
Number 235, Extreme,200100076060000009007000500602080700090000060008090005003000600800400020570003004
Number 236, Extreme,003005009000700300040010050076008010050030080030900560060050020007004000200600400
Number 237, Extreme,060000027700000000908070150000490030001702500080053000017080306000000005640000010
Number 238, Extreme,710090030005000000090508400008040000100000086000070200009007020000004700020030018
Number 239, Extreme,000000000009473000030010005681050000000000000000020913740000060000286700000000009
Number 240, Extreme,000700090020040000040090703000600000403920508000005000801000040000010060070002800
Number 241, Extreme,000200007040010680001000400080100000090480020006003050002000700079030060500004000
Number 242, Extreme,030108070005000004001030002050309080000040000090806000300060500800000100040000090
Number 243, Extreme,000096000001000204030800090000082000708050106000360000060005080802000500007030000
Number 244, Extreme,870006102050000007001000000020601054000705000930408070000000900600000080203000016
Number 245, Extreme,090000000705001000003008900900040003067000250200060000002607800000300075000000060
Number 246, Extreme,100006708000750000007000030008500307070309010305004800040000600000041000601900004
Number 247, Extreme,008203700603800900000000000030006017500000008860100020000010000006000405002609800
Number 248, Extreme,006000001000800200010090065000510090025070610070042000240050030003009000500000100
Number 249, Extreme,000264090027000000000000056003006000010437080000500400870000000009000730000021000
Number 250, Extreme,010006080067309040500000600700020300000903000002040001005000007000508430040100060
Number 251, Extreme,400200000001008502350010080605000000030000020000000406040020071709400200000005003
Number 252, Extreme,530708000000040000018000000300900006074000280900804007000000590000010000000506743
Number 253, Extreme,300000600800090004050300080090040500000902000004680070040001007600020000003000008
Number 254, Extreme,706002000000000300040509020100340009038000000900087003060008090007000000000200804
Number 255, Extreme,860009000049650800000410000004000008073000620200000400000045000008061340000700065
Number 256, Extreme,000683000230000009000000500900302700070000050002007001001000000600000047000549300
Number 257, Extreme,000005009007209100000030070702000065000000000310000902090010040003604200200500000
Number 258, Extreme,500048007000000000640005020900001006070030010410800002020900068000000000100720009
Number 259, Extreme,000100030100000095073008000700060000005904700400030009000200670980300002040005000
Number 260, Extreme,000100000025000040008000200800090300603805000004060001087000400430000760000009000
Number 261, Extreme,170500090000000070045000200800094001700030002400680009007000820090000000080003045
Number 262, Extreme,002000000000601007300708600956000002000000400800300016001203009200409000000000800
Number 263, Extreme,000000000400025003008300015105900000030000090900004006750809300300260001000000000
Number 264, Extreme,005209700400030005060000010092000000701000608000000490000006000000020004006501300
Number 265, Extreme,080010590090000000000400760000240003000000000500039010048007600000060030056000020
Number 266, Extreme,500040800090706000006000009360000185000000000085000046700000600040309010009050002
Number 267, Extreme,000000000402060009507030000003400000940501037200003800000050182800020406000000000
Number 268, Extreme,609020100080000030000501006000058400700906003004210000800105000070000010005060802
Number 269, Extreme,000600080000005040009000100010009005000102600670500090004000900050780060020004000
Number 270, Extreme,000010000007802000090000050800750020003004560040068007020000610000209800000030000
Number 271, Extreme,000006000250090040000020010570400003060000020400003057010040000090050064000201008
Number 272, Extreme,095100070400600008600030400970000003000803000500000047002080005700002004050006100
Number 273, Extreme,005000009900300060000006200004023906001000500300690700003700000080000005400000100
Number 274, Extreme,009120300100804020000000008500000079001090400960000001700000000030402005002069000
Number 275, Extreme,040205001600001003008030000050302000000000000003504080000020400700100002800409015
Number 276, Extreme,005300010000070000009008406804700000900815003000009608508900100000020000040003900
Number 277, Extreme,000805091002406000000000000059000106001000308804000250000000000000904500710253000
Number 278, Extreme,000001040008740009004030100063000700500000002000000090002070300600095200070400000
Number 279, Extreme,060900020527060300000000006052000004090507010800000600200000000005040793080006050
Number 280, Extreme,900020000003005104005008300090000070000301000010000050200907400408600700000030006
Number 281, Extreme,000903000000000190000001203790008035002000000640500070006400000038000400000107000
Number 282, Extreme,054090300000000000000602070009050830005000700078010904060905000000000000091030040
Number 283, Extreme,060104000700906000030070000040080030908000406050060020000000080000305002000001340
Number 284, Extreme,002108900000050003000900060380006007004000300500300098010004000200070000003209850
Number 285, Extreme,360005008004000000009003205000580701000000000403071000601700500000400100000100092
Number 286, Extreme,700006034000802760000000000030000086060507010800000040000030000028709000610400009
Number 287, Extreme,000004390007050020000320006000061042000000000460870000780049000040030100025000000
Number 288, Extreme,000000000350090140801000500000014600120000094004930000008000706047020015000000030
Number 289, Extreme,040607050900030760000000004030800000020000090070005680300000000098050007060009040
Number 290, Extreme,000300500060009000200000401070100064000602000690004070000000003040500000005208000
Number 291, Extreme,000250000000000007200006008002030800007109500008005300801700004600000020000061000
Number 292, Extreme,900870015000250000000000090490608007006000500800700064010000000000002000570031006
Number 293, Extreme,003501006040020900000600080400030075001000200950080004030004000005060040700205800
Number 294, Extreme,209080000000000003000006007007005010804090205020400700300908000400000000002010409
Number 295, Extreme,001307200400020005000005000140000050057000160086000047000800000800070003005901600
Number 296, Extreme,009010070000608400300000000020400086000060100710002030000000007403906000000020600
Number 297, Extreme,001090008000014000007006050400000500020030060509000201000800900000250000300040700
Number 298, Extreme,000607000000000250840090060009200030050030040070105900090060073028000000000001000
Number 299, Extreme,000860000400005009070040020900000602000000800201007005010080090600450001000003000
Number 300, Extreme,000002060800009305030070040003050000700801006000020100042030070905000003060000000
Number 301, Extreme,090000070068003500007005000100060800046080900009070005000200700002900340080000090
Number 302, Extreme,004600130010200050703000000400030000002968700000020003000000501040002080086001300
Number 303, Extreme,000900000809070005000000078002007009004605107600100500420000060700020804000006000
Number 304, Extreme,000208000080405070000070200046000701007000300805000040003090050060003090000801000
Number 305, Extreme,000000000004801002027090310000000005090735060400000000069050870000602100050000000
Number 306, Extreme,380040005000000016005009800000453000400000003000617000002800400890000000150060028
Number 307, Extreme,016005400000200000005070080000680070500000001030009000070040350000050000001300260
Number 308, Extreme,040169000370000009000000000408030000060000040000050106007003000000000065000876010
Number 309, Extreme,024050060009000100105600000806100004000900000000006703000003506001000400050060870
Number 310, Extreme,090020100000807060000000580024003900000000000008201730016000090040905000000010050
Number 311, Extreme,200000000030020090059106700700002000008050904000300005002801560000030080000000007
Number 312, Extreme,006001000801090640200000500400100000002030800000002007008000005537060209000300400
Number 313, Extreme,050000600004503720000010009680004000002060300000200070900080000037401900000000050
Number 314, Extreme,000504000730600010640070090027000060300000008010000350000050082060009031000206000
Number 315, Extreme,200670008000400000000080901018003007040000090500700600002010000000806000400030009
Number 316, Extreme,001000000050040920203009800090003540000908000017000080000700104065000070000000000
Number 317, Extreme,010000040040025000007100002000000850000400000526700010400003600000610080090000020
Number 318, Extreme,070000030090000800400703200000306700087040620009502000005201003006000080030000000
Number 319, Extreme,062000100000054900005060003010000300000005040008000020600030700001640000083000690
Number 320, Extreme,100040003006000050200605000072010300400070002000030840000203000040000200900050000
Number 321, Extreme,000900030000501000008070120042000705190000062005000910079080300000703000050000000
Number 322, Extreme,902600004500900000036000000350702060008000200060301089000000950000009002400003806
Number 323, Extreme,200001080600000019000050000000780060007502300060030000500040000170000045090800006
Number 324, Extreme,040097060050000700700000901000040600400600013008020000105000008009000030030010050
Number 325, Extreme,350000080000308000007900201006000004209010306400000100003006500000509000090000018
Number 326, Extreme,050700000002400010100020007046005000020109070008600350800030002030000900000007030
Number 327, Extreme,080010000200000006503040209005000300000709000004630000008090103100000004000050090
Number 328, Extreme,360409000009000030500000209090041000007602500000530090706000004050000800000207015
Number 329, Extreme,000087000800401900090500010084000056000000000052000790060000020009800005000130000
Number 330, Extreme,700000003000601000020030060600000809070050040908000002010020070009806200000000005
Number 331, Extreme,074000000300240705500008030000350800000000000007012000020400003801025009060000280
Number 332, Extreme,600800004000000260357000000000009603290050018804700000000000530083000000100007006
Number 333, Extreme,002000504003840000000060390000000760100080002064000000075090000008076200200000100
Number 334, Extreme,002800600010900020500002700005010890000060000048090200003400002020009050006003400
Number 335, Extreme,070001000400800001005002006010965200000000000009274010200500700900006008030100040
Number 336, Extreme,000090020000008300007200608400005090050000030090600001706039000004800000010050000
Number 337, Extreme,000069000600700030004080500400000698067000450205000003006070300030006004000310000
Number 338, Extreme,000000100000060027020703050700600002000000049600008003090204070140030000002000000
Number 339, Extreme,002649080900000000040020050600000500014508360000000004090080030000000005020374100
Number 340, Extreme,001800000580000090024000300000071080000906004050420000037000420010000073000007500
Number 341, Extreme,004000070000300080250080034006400900000109000002006300010040026060005000020030800
Number 342, Extreme,009300000005010430000004600200400006040020050600009007000800001010040800000002300
Number 343, Extreme,040670030700000001008100400006020000000801000000050200003905700100000004070030060
Number 344, Extreme,040060010052040700007000005000004000001708200000200000500300960009020050070080000
Number 345, Extreme,000080540700902001020000000049003680000000000000400900070000030000507009061040000
Number 346, Extreme,004750001003200700006000940000400010000378000060000000029000500007000100100092400
Number 347, Extreme,060450010000108000019000600600300001053000490900005003002000760000702000080000040
Number 348, Extreme,000005040063900570100002009000070600510000038006050000600800004084007920020600000
Number 349, Extreme,004820600090400000000000083080600540003010700049000000960000000000000050000081300
Number 350, Extreme,007100800090002010000980000065000002082400960400000350000035000050700020004008000
Number 351, Extreme,600100008000000000204300170008704290000000000079203500036007801000000000100609005
Number 352, Extreme,000902070070100005000076400104000900500090004003000106007210000200003090060705000
Number 353, Extreme,000020040009005600620000700908600500000000080703009002006000073005200800010080000
Number 354, Extreme,020000009003096000001500070006030907000409000008010400070008040000170800600000020
Number 355, Extreme,030006040020070000001003900000007000740012069003800000008600100000020050060700020
Number 356, Extreme,000100008000080305040030070007005902010000050402800700060070040703000200100003000
Number 357, Extreme,000016005300000024000730000004800053800000006590007800000079000230050009900640000
Number 358, Extreme,000020080004900205300060001000570060001000000070031040500080003809006000060000000
Number 359, Extreme,001080700400000905000205001080100000006000400000803010700908000209000007004030200
Number 360, Extreme,000500020780090040060030007910000200000000000002000083600080050400320079090005000
Number 361, Extreme,000070901000000000070908030400300050080000690610005003030207040005000000706010000
Number 362, Extreme,050000012008607900002000000030702090001090400080103050000000500006904300490000070
Number 363, Extreme,060102000040070000900500002080900020005000604097004010100005007000030060000801050
Number 364, Extreme,009061500010000079000000000405970002000804000300025704000000008630000050007350100
Number 365, Extreme,070086050009000300000100006004900600000008000005004700820007009003000400000230010
Number 366, Extreme,000068000070000080400500002290000006007903500300806094500002003020000040000750000
Number 367, Extreme,009080100020006080003000000000607040000000000087501030001000307060900050008050900
Number 368, Extreme,400000075000200000030070620500900000740103002000006008008060090000007030090000006
Number 369, Extreme,000702310000006200000090040700000500541000623009000004060080000008600000035147000
Number 370, Extreme,008100069090075810000000200400000005007080300800000006006000000003790020780003400
Number 371, Extreme,032100400100040000040090050004500600000000000007030200020050060300070008005008370
Number 372, Extreme,012090000800600000003071200009700402030000060206003100000460900000002004000030570
Number 373, Extreme,041002600500000000007091300090005040200060007010700060005610000000000005002800010
Number 374, Extreme,500030090000060740900008000000200605000000000802009004100000009064800000050010002
Number 375, Extreme,040620008003000700600000004000700000086050930002806000800000009001000600900034010
Number 376, Extreme,900000008010070006420500030075000300000010000009000840050004081800020070000001003
Number 377, Extreme,570010063300060102000000000008001200000532000004600500000000000103070006780050024
Number 378, Extreme,009260700000003000030750002500030008002000900300080001900070010000800000001026305
Number 379, Extreme,005000602008030700000600043001004500500902008009100300050008000006010200802000900
Number 380, Extreme,400000008010009006605000000001096000007301200000780400000000302200508010106000005
Number 381, Extreme,005490000000000007020003640000280010000109000080047000058900470100000000006054300
Number 382, Extreme,030050014000000902100000700050040036000507000810020070908000001401000000300060040
Number 383, Extreme,076090050500000800200000061009100000000400000000203000800000006003001007040080290
Number 384, Extreme,090020180500004206000100000950000000008010300000000047000003020400500003062070090
Number 385, Extreme,003060710700200003000000000004600030100020008068005100000000000500400002041080300
Number 386, Extreme,900000020000300000046500080500060000010080040000040003050008900000001760120000008
Number 387, Extreme,004100300600004000000680500500010043038000100420090008005042000000700005003001700
Number 388, Extreme,000007001010009080906003005500900006030010040400006002100600204060300090700500000
Number 389, Extreme,050200000090000720800076000005092400000010003007500800000160008021000090000005030
Number 390, Extreme,530080970000070004000906000050000007702000601100000090000203000600050000024010085
Number 391, Extreme,009002800400090007010005000060070040007010000050000090000603000900050002006400300
Number 392, Extreme,200000000018000730000683000300006070040020180080700004000961000050000410000000000
Number 393, Extreme,020500076100006002040209080300100000070000090000005008080602050400700000600003020
Number 394, Extreme,000004650020000080000010007003602000007005200000807540400080000000000020036000009
Number 395, Extreme,000070390800060400000002000078000003043100706600000850000300000001020009062080000
Number 396, Extreme,050078300020500000600030004090700000076800500000006070200000009000005040009180020
Number 397, Extreme,007003080000705000005040030800094001000000000400130006090060300006001000010050900
Number 398, Extreme,000000003000006450000020060027003000009402608000600920080090000090730000500000000
Number 399, Extreme,600000020050600000200003001000130040090080050010096000800900605000002080170000003
Number 400, Extreme,100400009008700030000200100003020970080000010067040500001000000020005800700004006
Number 401, Extreme,708000009002006700300001062000540000290000075000002000180300000007200300400000501
Number 402, Extreme,000160000000300070800000349500002700007000200104700003391000007060001000000093002
Number 403, Extreme,800600000520000800041500090070001080000080700050900020090007210004000006000009008
Number 404, Extreme,080300040000040200000102008004009800806000100002400500600900000001070300090003020
Number 405, Extreme,040701080500060000000000407002006500600000008001200700109000000005420001020108070
Number 406, Extreme,900050000060302000005901800603000054000000000240000706007003680000204010000070009
Number 407, Extreme,408000700500090068000000090000003006600784001700600000080000010370010005004000607
Number 408, Extreme,050000040009070105000403000006000901000206000503000000070309500905020600040000080
Number 409, Extreme,060000020002306100000007680100700008807000506000002009039400000008103900040000050
Number 410, Extreme,040050830600007020000400000070560089900000001380071060000008000010200008092010070
Number 411, Extreme,000010040000006500040800760082300004400060005900008230053009020009500000020080000
Number 412, Extreme,200000008050003410000005007030600000608007200000012090800900000074000030300000005
Number 413, Extreme,002009000900001004400520600730000009095000840100000030009013005300200006000800400
Number 414, Extreme,006090800140080000300200000000500002609020704700009008000007003000050010007010900
Number 415, Extreme,103000200000056800080000040300905000200060001000301002050000030002670000008090706
Number 416, Extreme,000507630060324000000000005030005020021000780090600050800000000000743090054208000
Number 417, Extreme,000400080006000409090000020300080001020309060500060200000000095803000100040001000
Number 418, Extreme,980020010005708000300004000700000006006502900450000001000300008000807200090000063
Number 419, Extreme,000001070060090281700000905300800000008050400000009002907000006632040050080600000
Number 420, Extreme,005702000670040000908000000009031000540000001003080400000000604000020087000605100
Number 421, Extreme,000509000009070800706302005072000009100000006600000730200400600004050100000108000
Number 422, Extreme,000900010090020530007000008000500007006107300008006400500000800062050040010009000
Number 423, Extreme,907000001080010400164000002050801040000000000070905010000000059008070020200000106
Number 424, Extreme,000007090300040020400000705020870040005402100000053060106000003080030001030700000
Number 425, Extreme,090030000400080290005002400020043900070000060000800040007500300030090005000060010
Number 426, Extreme,002090800040703900000000034790000600000010000008000053680000005009002040001030000
Number 427, Extreme,040008000300000007009050400073100950000000000054002710008000100230600000000900080
Number 428, Extreme,000305008050000079002060001010004700000020000003700020300010800620500030500403000
Number 429, Extreme,001900000004300000080070090070000005008506300100000040090030070000001004000400050
Number 430, Extreme,060000050300900200040010080000720000025308690000059000010080070402007005050000060
Number 431, Extreme,000560000004000609700030100000006340009000200026370000100090003502000800000045000
Number 432, Extreme,900503200007908400000000000010050000060000040009070810000000000004806390001007005
Number 433, Extreme,001000900600000080900507002200400000070605040000001308400209003890000004007000800
Number 434, Extreme,860000030300008105000702060000070000007000900600180000090804000500300004020000096
Number 435, Extreme,040800200000050000786000400003000910000903000062000004000000183000070000008204060
Number 436, Extreme,800000000020090053000604270050000000002805100000001060037900000001070040000000008
Number 437, Extreme,240000005083600200006000000000054000920030048000810000000000400009007010830000096
Number 438, Extreme,001304900090080070000005020004030200900000003002051600020500000030000010000406500
Number 439, Extreme,006000090800050020000604038003000000080369050000000700910705000060010004700000500
Number 440, Extreme,700010009085000300000207000008900000000060000050003610000304000004000050609020004
Number 441, Extreme,090007040004090100700050006000005002028000460400900000200030008006080500051400030
Number 442, Extreme,009000001800003000070002006005400200200060807001005000400600030000700009900000608
Number 443, Extreme,000907080060400000007030040910000050600000003054000106040020700000003020030105000
Number 444, Extreme,800000004020719003000000070000200900000150060003007000050000000960803050200000008
Number 445, Extreme,900000000800065200015080300000002040140000029090400600007010950001520003000000008
Number 446, Extreme,000100050003065800060700000105000600030000010007000304020004083000630200090007000
Number 447, Extreme,060005800030148000020000040082000503070000080406000210040000050000492030003500060
Number 448, Extreme,000060008507000200000001000092005000600030009000800450000200500100000704900040600
Number 449, Extreme,004003095970002000000000800090040520800000006061080030007000000000100080015300200
Number 450, Extreme,010090085300000000005603000000036100080000060000215000007402900000000004920070030
Number 451, Extreme,210003080000070040005206000000000003300805012900000000000604100020050000070901050
Number 452, Extreme,300002005000300090067000430030405000200801009000006010075000920080007000400200000
Number 453, Extreme,020007130007800600800050002100030000008000400600040007700080009002004500051900070
Number 454, Extreme,002900041600170800900200006000000400070801050008000000000007004001000009790003000
Number 455, Extreme,504009002002000006710000900000030004057000820900010000006050089100000000400800603
Number 456, Extreme,014200600906000402000060000000500300020319080005008000000030000703000804009002130
Number 457, Extreme,000800000034600900800020304200000408040000020103000007701090005069007040000006000
Number 458, Extreme,000000100000300009030400070108000046306801700970000803080007050200005000007090000
Number 459, Extreme,400000006000206030070010000700090100030108040001020803900080070080702000300000002
Number 460, Extreme,009600000260008900700010000610000030007000600050000087000050006004100253070002100
Number 461, Extreme,410068000300020000060009020001000200900100007007000800050000040000050068000740052
Number 462, Extreme,000200700708901000020000004002030009100400003400050200200000008000603501009008000
Number 463, Extreme,080020000006800050700904000950000000460509080800000070000203001020008400000000090
Number 464, Extreme,200100700804070300060000080006900000400020005000037600020000060001050009003004007
Number 465, Extreme,002000600041005007705000001000200008000409000300001700500003009000600240007000300
Number 466, Extreme,004301020700000004000094000300000500509608203007000009000900030900000001010205700
Number 467, Extreme,100806002000000010008090000500000096009504300320000001000020100070050000800307004
Number 468, Extreme,508000690700009508600000007000704000070000056000103000800000003406200005009000402
Number 469, Extreme,000158000010000507000000004000007009080004023700920000800000001206000040000763000
Number 470, Extreme,000010359000004100000000026001500040000608003060007800640000000007400200952060000
Number 471, Extreme,003060090009405008600003005000000670890000012026000000900200001300601200080030000
Number 472, Extreme,400300107000801362000500000020005600000000040005600020000003000572000000906002001
Number 473, Extreme,000060004806200000057000090014000000600307001070000680040000100700006402300010000
Number 474, Extreme,002600500007000061000140070400700000060050020000003009090037050030000900005000800
Number 475, Extreme,706000900140090000000007006080930010030000050010075080400300000070010094003000105
Number 476, Extreme,004508300009030052000000000002900507400000003900047200000000000230090100007601000
Number 477, Extreme,530900060080700090900001000000006080078000630090400000000100003050003040000604052
Number 478, Extreme,500100004002005000680000050004002003000680000100703500020000078000400300300001006
Number 479, Extreme,200700500000801000050409010009000680020000070003000400010904006000302000004008007
Number 480, Extreme,050038007000604000001000400080500090005000600020007580007009800000306000100870050
Number 481, Extreme,005004003300801000008000700000400105750000089901005000007000601000703002100200000
Number 482, Extreme,003806504050020000000003000010400000009050400000001920000600000600010070105904800
Number 483, Extreme,100090068000000000000260004600009701502000300801700005400013000000000000260950007
Number 484, Extreme,000084010700060400006105000060000090804000305070000060007002900005090003090650000
Number 485, Extreme,006020908100900000072031060003600000000090000000005600060350720000004006205060100
Number 486, Extreme,060304010900000000000010072070040005000906200000080030450020000700000008080701020
Number 487, Extreme,000020003000001000004060827501000390070000080032000706605090100000603000800010000
Number 488, Extreme,000040096000301000020070400307000500000907000008050709006030020000406000453080000
Number 489, Extreme,000009100230507006000040009090000031503000007470000060300080000700906084008400000
Number 490, Extreme,000400000408000006100079200065100070900000002010003060009820004800000507000007000
Number 491, Extreme,000090100080000060630082040000530006000807000800029005040270083020000090007000000
Number 492, Extreme,000000000710000006800240700402500600000000000000007908206075001390006027000000000
Number 493, Extreme,000073900000290070030000006500040007009000650200100004700000040080010000002960000
Number 494, Extreme,020004900004000010700520806109050000000080000000070103600003007090000300008100020
Number 495, Extreme,072000640000010000009000105000309086008000700500006000205000801000040000016000570
Number 496, Extreme,400600802302090004090000000900034000050000060000520007000000070503060109600001008
Number 497, Extreme,500020000000700090004000000010405080206000409070208030000006800930002001000040000
Number 498, Extreme,400090002007000900000043080060800000700204003000006010020380000048000200900020005
Number 499, Extreme,720000001000001400000080690057040800400000060003090210012060000006300000800000056
Number 500, Extreme,500000070100000308000763000003009506070000020205600007000016000309000002040000003
Number 501, Extreme,000090000050001400007000503004010008060905030700080000205000680008704010000000000
Number 502, Extreme,300050004002009008070100000006500802020000010004002600000095020400200500000030007
Number 503, Extreme,070104000310060000000000004280350001090000020100070096800000003000080042000507010
Number 504, Extreme,000400807000000090530090060200786001000000000100209006080030059050000000901002400
Number 505, Extreme,204009501050000070703000020000060007002807900500030000030000205000000090105700603
Number 506, Extreme,080902100021000090400000008000130700000050006007049000100000003090000580000304060
Number 507, Extreme,500002608700401000103080000004003000070000020000500700000040102000305000801000005
Number 508, Extreme,000060500000700002830000000002080406080007000001000200026000074400003000005020000
Number 509, Extreme,400000000030100050002030708003005000204000109000800500305080200020006070100500000
Number 510, Extreme,040000980005040703009200000000920000020861040000074000000005800308010200060000030
Number 511, Extreme,009010300002306000000000005060000809050700000400200060100020000000601700007090600
Number 512, Extreme,000000000030040020000106500600400009070658030800003007004005000090020070027000000
Number 513, Extreme,008100600050000098000090030001070006000802000500000900010000000470003080002906400
Number 514, Extreme,200740090036920000000008000603000070090600000050000409000500000000061340080009006
Number 515, Extreme,900020040000450100600090007804000070000307000000000903700010004009034000080000005
Number 516, Extreme,000007005009000300280050006090080000002000600060020970100070023004800100700000000
Number 517, Extreme,009080602500300400000900000001000003273000965000000800000001000705003008408020500
Number 518, Extreme,010903000083004050904000000008060020030402080020090100000000508090700210000109040
Number 519, Extreme,001400700050007090000008000010000563000040000726000080000200000090600270004089600
Number 520, Extreme,008500690163000580700000000000600004300090008600002000000000005039000816017004300
Number 521, Extreme,400003000025090136090000000000610402010000060207084000000000050109040820000300004
Number 522, Extreme,000060000000200180003901500076400005040090070100003240001709300025008000000020000
Number 523, Extreme,500000000062030800080000260605007000000002070000480300051000080008070490000000007
Number 524, Extreme,006090001200000090059008260000009050008000400040107000065900870030000000800050300
Number 525, Extreme,070010000003209000024050100060000200000682000005000010002030670090708400000060030
Number 526, Extreme,074005030000800020000091000900004008000060000403900007000240000060007000042300710
Number 527, Extreme,800030002010625040000000100680000300050702080009000065005000000030574000200010003
Number 528, Extreme,090062000001000005000100240000300006930050001700009000052007000400000600060980020
Number 529, Extreme,002060000009570600040000090050090000004307100000000080020400010005019700006020300
Number 530, Extreme,070020000800005000562000308010000800390070016006000090901000287000700005000030060
Number 531, Extreme,048307000900000000006051070709000300000208000005000406070093200000000001000805060
Number 532, Extreme,970010000060004000480070060000007003800000001300600850020060087000500090000020015
Number 533, Extreme,026000084804060500500000000080003400000104000005600020000000007003050901760040300
Number 534, Extreme,003067004090000007007903500500000000000308000000090008008204900400000010050780400
Number 535, Extreme,001009004076040380000306000000007003004060800500100000000602000095070120100900400
Number 536, Extreme,900830005008000709050079040009600000002000500000008100090010070203000400500026001
Number 537, Extreme,009000000600107900807500003000704120000010000046008000400003709002906000000000000
Number 538, Extreme,203007004060000390000003000790300006005704800400005002000800000051000020800200401
Number 539, Extreme,200900000058006100030018070063000800800000005005000320020460090000300450000009003
Number 540, Extreme,600300002000009070009060800000002508008050400502100000006040300070500000490001005
Number 541, Extreme,000000010306007400000900002903008005400000006000700104500401000007300600040200000
Number 542, Extreme,000003901000060080400001002070000804060000010103000050600700005030050020009640000
Number 543, Extreme,400930080800006003000000510000405300900010007001209000068000000100300005090087002
Number 544, Extreme,400010006000020510009005400620000087000080000830000091000200100018050000200070009
Number 545, Extreme,042070030000804000000010070008000507020000090605000100050030000000201000034790680
Number 546, Extreme,005280100010000005908000400400038000002400500000920004009000300800000010000061700
Number 547, Extreme,000085104000600080000709600060090070004000902010030040005007000020003000103820000
Number 548, Extreme,004300600650108020000060000305000006100000009700000402000070000080009015001600200
Number 549, Extreme,709003806000090700040706000000000008070209030500000000000314090006020000007900201
Number 550, Extreme,004500020012400300000090070000069000103000409000320000000040000081000540090003700
Number 551, Extreme,050004089070030000006000100000083500810702030005140000007000400000020050080300060
Number 552, Extreme,700010009000304100020900080500000060030050040064000007080007030002801000000060004
Number 553, Extreme,005400900040005060900002030000000008060003050200640000070200003000500070003007800
Number 554, Extreme,052000169000209000000060030409000020005804900070000806030080000000107000127000680
Number 555, Extreme,740010000200508000008000200003607801100000009005201400004000300000405002000060074
Number 556, Extreme,002000030070010500500907000780400093000060000310009006000806000005030040030000600
Number 557, Extreme,170000039000015006002400000340000065000000000060004087000008900200390000700000010
Number 558, Extreme,081076000090502008002000600030000000908105204000000050004000300700001060000750420
Number 559, Extreme,000948600902000400000200370500070006000804000300050007063001000007000103009327000
Number 560, Extreme,307020504020000000005070008086004000000705000000600030100050300070000090204060105
Number 561, Extreme,000090000020400060870000501700005600009060030006300008608000047040002010000000000
Number 562, Extreme,009100300050067040400000000640091000800306001000750086000000004020630010008009200
Number 563, Extreme,000509000005430070000080003530000020048000010020000068300050007050016900000304000
Number 564, Extreme,087903000600080000400000036003000901060000020804000600040000005000620007000701380
Number 565, Extreme,480010600067000500100000070005030000070104030000000702090000007000000160004060093
Number 566, Extreme,700016030030000000600002007408100000070000040000005206900008002000000050020730008
Number 567, Extreme,020000050007009400068004100001080705000000000406070300009200810003900000010000230
Number 568, Extreme,000600057005400100300000000700908400004000300000170002000010008001006200430005000
Number 569, Extreme,000009100010073050004010000009006804000000000603700200000020700050040090008907060
Number 570, Extreme,000103000000000700705200801070820000500000009000039080903007608006000000007904100
Number 571, Extreme,300000080000090050000104060400005000006010800700906003070602000020000000040000037
Number 572, Extreme,000006004700003000010080060500000100000135000006000003080040090470900015900700000
Number 573, Extreme,000305000706080500000170020900000035007020600020000001090041000005000400000803000
Number 574, Extreme,400002008090000200000945000020000800009861300003000090000624000004010020700000003
Number 575, Extreme,103400600000000000070650200084009000630000010000300420009020040000000000007001306
Number 576, Extreme,800205004600800090000000000020090030590000048070080010000000000030009407200708009
Number 577, Extreme,600000308000700004010050020500091006000802500900070000050060080300009000401000005
Number 578, Extreme,380007000002050000700200104200780006010000090500092001903005008000010200000900047
Number 579, Extreme,000070100010205096400000008001000800000369000209000500600000002070008030004090000
Number 580, Extreme,050004108000010026007800400000308000009040000000509000003006900940030000708900030
Number 581, Extreme,000065100200407508000000020600080302001000400509020001050000000402103007007900000
Number 582, Extreme,300900601001000700060000090006740830000800000087013900010000080005000100203004006
Number 583, Extreme,200005000009060000080030070920000310070201050008000046050000030000000500300700008
Number 584, Extreme,000005060000020900690107080004000210500000003032000400010400029007060000000300008
Number 585, Extreme,000900100010703049000000620900604000400000007000200004693000000050302010008009000
Number 586, Extreme,004000703500000080003802000000054600300060004006270000000105900095000002802000300
Number 587, Extreme,017008200080003001900010008000500020030070060070009000100050006700900050002000180
Number 588, Extreme,070000040200010030000607005090000007008000100400000093900201000050090060040005070
Number 589, Extreme,500000062400090000000103000807200300000006000006010208000401000000080000240000039
Number 590, Extreme,000000001900708000270000960054900000000610000000003170091500046000800002300000000
Number 591, Extreme,000809300308070600200000000001304580000000000093701000000000001004060802706908000
Number 592, Extreme,090203000086000090000000000000069700004705060001300000000000000050000820000804316
Number 593, Extreme,030000060002506000006980510049000070000010000060000950008047300000208700000000020
Number 594, Extreme,001006500800000000605913000000090071097000380160080000000148702000000005004200800
Number 595, Extreme,600030004010000030080000215006500000000708000000004900259000070000080020800060000
Number 596, Extreme,000070060800100009000600210980000100005090400002000087050037000700004005030020000
Number 597, Extreme,000000700008500010060103050010025400009000100000400030070906020020007305005000000
Number 598, Extreme,900300000040005000002046700038000900100500008009000150004620800000400090000107003
Number 599, Extreme,708009000000800000100203004840000061000000000962000053400306008050001000000500609
Number 600, Extreme,000000070007025390400001000009050000230109085000060200900800002028590600050000000
Number 601, Extreme,041690070000000102000010040006400700100806005005007300060080000307000000010074650
Number 602, Extreme,006507300007020046800000000600003008010000030500400007000000005240060803009705200
Number 603, Extreme,007201000050000080040050100400090056000034000080010003008060090090000020000709300
Number 604, Extreme,090070020000000000640100005062500300007020900039008050500001048000000000080040030
Number 605, Extreme,000000000900000060020075038004080007080053010300060500060210070070000602000000000
Number 606, Extreme,300508004000002000070010030908000000037000120005000006010040070000100000000806005
Number 607, Extreme,008705000004096000000200040059000870403000905076000210090008000000020100000304700
Number 608, Extreme,000040009030080510600075000400000360000000000017000004000304000095020030800090006
Number 609, Extreme,006731000800009000070060090510020700000000000009080021090070030700500002000192800
Number 610, Extreme,060000070000004000050030900009080500002903400005010300031090250000001000090000080
Number 611, Extreme,400500903700906000600040000008000107004000000907080400000000001000705002503009004
Number 612, Extreme,094200080200007000000500000040000060503000709089000010000005000000806003001009420
Number 613, Extreme,009000600070109005030050020007090100016000380005010200090020010100507090003000500
Number 614, Extreme,000680020006301800040000000700000010210000068060100407000000050007800600000029000
Number 615, Extreme,480010000000000607060005190020009001000824000500000080031400000706000000000070026
Number 616, Extreme,703000000000391000080000000050003200400207609007900000000000010000856040009000508
Number 617, Extreme,006520900005409003100800000071000020800000006000000470000005002300004600002091300
Number 618, Extreme,001540000070080001000600070003800200580000096004000700000000000900010034000034600
Number 619, Extreme,200003801070000060009001400005060000007394600000050700004800900060000010901700004
Number 620, Extreme,000070003506003400009010200600000000007694800800000004005020700002900005900060000
Number 621, Extreme,800000004009040700020506000500000040000060000970008003000873020004090100300000007
Number 622, Extreme,610000083090000607703090005000207000006000400000804000100050200904000030030000091
Number 623, Extreme,671000008000208000800070041300800007040000030900003005590030004000709000700000196
Number 624, Extreme,092000407080900020500000000000090003001342000700010000000000001000608050204000730
Number 625, Extreme,070040020600800050040056008050000000006903200000000060700530080080002006091080030
Number 626, Extreme,010000000000108003603000040000020500780004039009086000060000805300701000050000010
Number 627, Extreme,001069400006800000700005009005206000800000001007104200300500006000001700004690500
Number 628, Extreme,000000009001300600704020500002900050006000700010043900003010002000008000800070000
Number 629, Extreme,000010800100060000006409350002800000500000004000305700084901500000250006009000000
Number 630, Extreme,050200000800050201000060000000320070910000030070096800000070040704000003000005060
Number 631, Extreme,000004003042050000000100000190003000803000502000800034070401000000060780500700009
Number 632, Extreme,010007030000050280000609000200000300036010920001000005000402000068000000050300070
Number 633, Extreme,407000806610080020000600000200450090000090000090072008000005000080020037102000904
Number 634, Extreme,070000000009400073401000090060951040000000000000368050048000509920006800000000030
Number 635, Extreme,005006030900000000004103900006007400019000200003900500001705600000000002040360100
Number 636, Extreme,000001000000090520002450001080000104350000067106900050400063200067010000000500000
Number 637, Extreme,398010407004007600000000000000100006400695002700008000000000000003000800902080531
Number 638, Extreme,800203006000050070060010003300000060001020500040000039400080010070030000500900002
Number 639, Extreme,800200700030050020070000006020740000400000001000106090600500010040080050008000003
Number 640, Extreme,600015004000300000310070008008047100030000040002160800200000051000004000400530006
Number 641, Extreme,200500000083064000010020000300900000006000214000002003000000030000170840000605007
Number 642, Extreme,300200000900001006000097030000006000074000810000800400060720080200900005000004002
Number 643, Extreme,050071003000309000040080060000005090200000006070000040060050010000903000800710900
Number 644, Extreme,000140900000605004000000035580000090000206000040000012860000000100700080004063000
Number 645, Extreme,800000000005040100190002034007500020030000040060007801750000080004020500000000003
Number 646, Extreme,406300509000040060009000200000001050040862030080900000004000600030090000107005308
Number 647, Extreme,070020010500300007063700800000100000400000900000004000007003640600005008020080090
Number 648, Extreme,004000000600020000070600840080003100300207008005100030098005670200090004000000000
Number 649, Extreme,010070060000006000700050408800040200020017040001080005209030006000500000070020030
Number 650, Extreme,010000000002109000305020001001062700500000004006750300200080407800205100000000030
Number 651, Extreme,058070920000620000070000030000400006006000300200005080037000000000016000069050210
Number 652, Extreme,300002008000007200900000070000103400009060500807500006080000004004900000500800003
Number 653, Extreme,000103000007090500100002000009000002400605009700000140000900007000060300000831020
Number 654, Extreme,009003006800000024000090300910070000004000500000080002003060000450008003100900600
Number 655, Extreme,000090004000010300003500986100902000070000060000301007934006500001020000500030600
Number 656, Extreme,000009005760020010098000070002300000040605020000004701070000150080030004100900000
Number 657, Extreme,000050003005009700030102090006000028000000000740000300010700064004600500900080000
Number 658, Extreme,020000030005600100100090500052700000000304000007009050000030005008001900360000070
Number 659, Extreme,790500000018004002040000080600010000500203001000060005070000020900300010000708054
Number 660, Extreme,000000003090007010300009802000090085001000200860020070409508007030400060000000000
Number 661, Extreme,090000008800300051005020400000870000210500073000032000007050600320007005900000020
Number 662, Extreme,000200030050090040007108500608000073010000020390000800002900300040060010000004000
Number 663, Extreme,400060000809000600070000009005630020090802064000071800300000040002000300000040005
Number 664, Extreme,000060007060003080407000001008400000610000098000009500200800009050200010100090000
Number 665, Extreme,108000005004090000000002610000007400080000060037500000001900050002030700800000901
Number 666, Extreme,000005004600021800500070096100000000085000610000050002320000001001460009800500000
Number 667, Extreme,000000097400000800086051400300705021000000000610403000005130970003000005170000000
Number 668, Extreme,000410300020703040080000000000004070300000005060805000000000060051609020609047000
Number 669, Extreme,000900000000870030009002700507030004081020970600090501004500300060041000000007000
Number 670, Extreme,000809003500003000006000902208010300001000600000520400103000800000000009400701000
Number 671, Extreme,200080000090700040008000120076040002000000000520030060047005600080004070000090003
Number 672, Extreme,001605000002000040570040030000009000280050019000700005090080027030000100000506800
Number 673, Extreme,000006000406020701009070008000300040005602100010007000700030600602050409000900000
Number 674, Extreme,000204000000070600845000001080600070960107042010003080600000219008000000000906000
Number 675, Extreme,500009003060080200210050080900400008002000300700008006080060031007040060600100000
Number 676, Extreme,003000900400070002050000040900300500020506070005100000060000020800020009001000800
Number 677, Extreme,040060010100300700005080200200073008400000007700620003002010600000005000000030080
Number 678, Extreme,050000029000127600000000000001090700640030001008050200002000000009804000370000080
Number 679, Extreme,007086403000000000400500071730060500000010000004020080570008006000000000109640300
Number 680, Extreme,001800200203000050050090003000070104010000020605020000500010080030000701009006400
Number 681, Extreme,000601009700800451000000000600703800070000040002009006000000000523108007100306000
Number 682, Extreme,003090060080700000004008201000049002002000700400170000207400500000007000010030470
Number 683, Extreme,900010005007006000035000090002009080008007200050200100020000840000000900400390002
Number 684, Extreme,900000023004700000080420090010290600500000004003005010060041080000002100030000002
Number 685, Extreme,000060000008050901070008005090001020302000508040500030600804090403070200000010000
Number 686, Extreme,070205000401000902000400000003702090800000007060108000000001000602000801009603040
Number 687, Extreme,004090000050001080300000700007204105002000000600800300009000003070100020000070500
Number 688, Extreme,000802000090050086800007001008000900030400060004000700400000008750068040000209000
Number 689, Extreme,400002000200030000001000090810905007009000600500701040080000300000020005000607004
Number 690, Extreme,060027500100000020970000000700300080000805000030002017000500092020000003009260070
Number 691, Extreme,008040100000205060200009003090007000000914000000300510400800000010006000006050200
Number 692, Extreme,400103000090000060050020000002409300900000007005301900020010090070000540000700003
Number 693, Extreme,030000400600000008089403002000900000010020089000007000300601850700000001005300090
Number 694, Extreme,000000800900600005030502700154000000000000000070000451063905010200004009007000000
Number 695, Extreme,000020071700360008001007060530000080007000500080000039000100700800074003670090000
Number 696, Extreme,003907000000010060010402000058000000140000058002000490000604080030080000700103600
Number 697, Extreme,002000007040090200006001095600300000000040000800005003750600100008030026000000800
Number 698, Extreme,807000004030000600600107000095408000000020009000903820000805001008000050100000403
Number 699, Extreme,025060010000000000780010030201006900000000000009400805010070050000300000032050470
Number 700, Extreme,000703000900000001040000050200050007006080000801090003090000070360000042000902000
Number 701, Extreme,009000030200006004810200070300060000750000002000040001000008049900700000030020600
Number 702, Extreme,046030950900000003020000060000845000009000700000197000030000070100000002067050380
Number 703, Extreme,000809000002000300070100020700500000610000049000007006530008070000000200000706050
Number 704, Extreme,700000000006400310050090020000007000600981005000340000080000050031004600000020009
Number 705, Extreme,700140008008037100020000000000000420076090510045000000000000030002760800900028006
Number 706, Extreme,000109030070050001008040000690000780040500010017000002000010900300070020060802000
Number 707, Extreme,200030001086100400030000000060400900000805006005000010000000090003001750940060003
Number 708, Extreme,030010050060503000705008006001000240600000008048000600300100409000305060080040070
Number 709, Extreme,000418020600007008000000700864000105020000000009000063001000000200900004080165000
Number 710, Extreme,670080000040020039090100000000400800900000001004005000000000090380070020700250084
Number 711, Extreme,000002600200004009410000050800070300000500000004010008520000036100700004006200000
Number 712, Extreme,000000573070092060040005900300010000064000100000050004007200000020130090439000000
Number 713, Extreme,040070060270050009160000007000246000700000006000713000800000014300090085010000070
Number 714, Extreme,006000000800003040004080907080700002010060030200008090102040300090305006000000800
Number 715, Extreme,090700000030480016008005700085000070001000000020000350009500600210060080000002040
Number 716, Extreme,140050037003000000009200405000004010000020600080300000708002900000000700290010056
Number 717, Extreme,720003006040100078000800000609000001080000090300000405000002000260901050800400030
Number 718, Extreme,500073902000000070000040800400900060206000700080005004008060000030000000002014003
Number 719, Extreme,038004090900050008000000000004300000310060025000005700870000000100020003090400670
Number 720, Extreme,000700000094000850200000009001405600009201400003906700900040006012000340000007000
Number 721, Extreme,600500003049000000008400100030009000200701009000820070001053200000000030500000007
Number 722, Extreme,000507080017300006008000300000000032003608400170000000086000900300005720040809000
Number 723, Extreme,870000000500700009009300070000409030002080400090601000080005300100003008000000065
Number 724, Extreme,020300000005001000009050700800100007040070050200004008004010900000200600000097035
Number 725, Extreme,008000000090150030500602009003000000800060024000004600700809005040021080000000300
Number 726, Extreme,020306000600020000835000002009000008000975000200000500400000869000050034000104050
Number 727, Extreme,000004900005006800200080000086000007000051000900000350000020008003900700109600500
Number 728, Extreme,341007000000200000007806400070000040002409100090000036005604200000005000000900584
Number 729, Extreme,000050080000009200380000007070800690003000400091007000900000023004200500030060000
Number 730, Extreme,000508900000040500000700008506007009090100070000400603300001200002000000007306000
Number 731, Extreme,090000300020700080004610000000581046000000000100073090000020500080006070007000010
Number 732, Extreme,030020050800000001019050300004008000050301040000000600006590100000000009070010060
Number 733, Extreme,000000001002070900600590308160309080000000000090805013701006009008050200300000000
Number 734, Extreme,000080604083000000560000000800205700030008010007600009000040021000000400905010000
Number 735, Extreme,000003210500060080900400000806700000002030400000000108000006001030040006079108000
Number 736, Extreme,470500060009000200020800000090701000800000001000408090080007032005000400040006089
Number 737, Extreme,000054090007000100300006000570003008030000050600900013000200007001000900020469000
Number 738, Extreme,020906503400032109000000000009004030500000007010500900000000000601720008705003090
Number 739, Extreme,360000000095600100000014060002100700600000003009003400080750000003002800000000097
Number 740, Extreme,070035000005240900000000001000068023500000004620090000000000000008056300090470080
Number 741, Extreme,804000207003001060000080100001002005020050000900400700008070000000600900302000504
Number 742, Extreme,007030000600204000030000007840007009009000120050100008500000070000509001000060800
Number 743, Extreme,300070004000000070000392600004500207030000060601000900008930000040010000100050008
Number 744, Extreme,040509020000407080005000600200008003058000210300200004003000900090704000080002000
Number 745, Extreme,000090035000203600900000007004080000210400068000070400800000006052708000360010000
Number 746, Extreme,003008000050601800090700050700000200005000100001030006080007010009302000000400502
Number 747, Extreme,009040300006000009000300470050002060000030200060510030078003000300000800001090700
Number 748, Extreme,005060000060007030049000800002075100030409080004630200006000310010000050000090600
Number 749, Extreme,003020400070000000008005000000062004010304020300780000500130900000000015007000300
Number 750, Extreme,000012086000000090802000300400109000070403060000005001000000100045000000730960000
Number 751, Extreme,070000040400006003021095007002570300000000000009028700800240530000000009010000080
Number 752, Extreme,020007060008100400301040000030502000000000000000301070000090800005000900740800020
Number 753, Extreme,008000000300800005000090600602000008000107000000020903005030000807005402040000100
Number 754, Extreme,000000590000106000903000600014003700080000061005800030007000109000705000240000000
Number 755, Extreme,000239001070500900005070200600003005000000000900600002008910600009000080300065000
Number 756, Extreme,060000053000000800010203700070500002006070400300001000008009070004000000120000039
Number 757, Extreme,050007060030000000600005304000500402500000009904026000302100706000000080070400090
Number 758, Extreme,000007030000060200060804007072000005000000000908000640800300014006090000050100000
Number 759, Extreme,003000080600007000200104000000460070020000090010073000801206003000700002040050800
Number 760, Extreme,500009308000000400000750006000908065000070000940200000700094000005000000408501003
Number 761, Extreme,000108060002006000700030050900000320005000900010000008050080004000400600480902007
Number 762, Extreme,000000820070510000908020500000003000081090340009800000005080002000046080024000000
Number 763, Extreme,080705030720000000006200000600030008934000705500070003000008500000000014060109000
Number 764, Extreme,400000000000730008005064000078009300020040010006300200000270100300016009000000005
